bid,bid_qty,ask,ask_qty,last,volume,vwap,low,high,change,change_pct
1.510000,1.658724,897.200000,1.662220,771.288761,1.654810,157996.393625,1.586772,1.519410,1.675885,0.024590
