{"change_pct":2.04,"bid":72916.9,"bid_qty":2.02209108,"ask":72917.0,"ask_qty":1.53331087,"last":72916.9,"volume":2861.75552741,"vwap":72909.1,"low":71381.8,"high":73666.5,"change":1457.0}
{"change_pct":2.04,"bid":72916.9,"bid_qty":2.02166119,"ask":72917.0,"ask_qty":2.90473317,"last":72916.9,"volume":2861.7559573,"vwap":72909.1,"low":71381.8,"high":73666.5,"change":1457.0}
{"change_pct":2.01,"bid":72916.9,"bid_qty":10.0713076,"ask":72917.0,"ask_qty":0.001,"last":72916.9,"volume":2860.78527989,"vwap":72909.5,"low":71381.8,"high":73666.5,"change":1438.3}
{"change_pct":2.01,"bid":72916.9,"bid_qty":5.68334406,"ask":72917.0,"ask_qty":0.001,"last":72916.9,"volume":2860.78547089,"vwap":72909.5,"low":71381.8,"high":73666.5,"change":1438.3}
{"change_pct":2.01,"bid":72916.9,"bid_qty":6.86264758,"ask":72917.0,"ask_qty":0.001,"last":72916.9,"volume":2860.78570785,"vwap":72909.5,"low":71381.8,"high":73666.5,"change":1438.3}
{"change_pct":2.01,"bid":72916.9,"bid_qty":7.13584661,"ask":72917.0,"ask_qty":0.001,"last":72916.9,"volume":2860.78600882,"vwap":72909.5,"low":71381.8,"high":73666.5,"change":1438.3}
{"change_pct":2.0,"bid":72916.9,"bid_qty":6.39743268,"ask":72918.0,"ask_qty":0.054,"last":72918.0,"volume":2860.78913882,"vwap":72909.6,"low":71381.8,"high":73666.5,"change":1433.1}
{"change_pct":2.01,"bid":72920.1,"bid_qty":1.04700547,"ask":72920.2,"ask_qty":1.37067808,"last":72920.2,"volume":2860.78982453,"vwap":72909.6,"low":71381.8,"high":73666.5,"change":1435.3}
{"change_pct":2.01,"bid":72920.1,"bid_qty":0.6422501,"ask":72920.2,"ask_qty":4.40575582,"last":72920.1,"volume":2860.79957443,"vwap":72909.6,"low":71381.8,"high":73666.5,"change":1435.2}
{"change_pct":2.01,"bid":72920.1,"bid_qty":0.6419501,"ask":72920.2,"ask_qty":4.74637161,"last":72920.1,"volume":2860.79987443,"vwap":72909.6,"low":71381.8,"high":73666.5,"change":1435.2}
