{"change_pct":3.81,"bid":1.818836,"bid_qty":22.0,"ask":1.821776,"ask_qty":346.16116942,"last":1.822571,"volume":304191.56656636,"vwap":1.813531,"low":1.746369,"high":1.884068,"change":0.066854}
